Store_Location,Customer_Satisfaction,Product_Category,Purchase_Type,Amount_Spent
Rural,5.6,Groceries,Non-Promotional,40.45
City Center,9.7,Clothing,Promotional,53.2
Rural,4.4,Electronics,Non-Promotional,42.77
Rural,4.2,Clothing,Promotional,42.08
City Center,9.3,Clothing,Non-Promotional,84.25
City Center,8.9,Clothing,Non-Promotional,97.51
Rural,5.3,Groceries,Non-Promotional,46.21
Suburb,5.3,Clothing,Non-Promotional,47.91
Rural,8.2,Electronics,Non-Promotional,49.46
Rural,3.4,Clothing,Promotional,38.32
Rural,5.1,Clothing,Promotional,24.24
Rural,6.3,Clothing,Non-Promotional,39.13
City Center,10.0,Electronics,Promotional,89.71
Rural,6.6,Clothing,Non-Promotional,31.89
Suburb,7.7,Clothing,Non-Promotional,73.33
City Center,7.1,Groceries,Non-Promotional,66.15
Suburb,7.9,Clothing,Non-Promotional,55.19
Suburb,7.2,Electronics,Promotional,53.35
Suburb,4.6,Electronics,Promotional,42.91
Suburb,8.2,Electronics,Promotional,50.07
City Center,9.5,Clothing,Promotional,69.32
City Center,9.2,Electronics,Promotional,78.05
Suburb,7.0,Groceries,Promotional,29.99
Suburb,5.6,Clothing,Promotional,67.17
City Center,4.5,Electronics,Promotional,90.6
City Center,8.2,Clothing,Non-Promotional,97.72
City Center,9.6,Electronics,Promotional,57.63
Rural,7.5,Electronics,Promotional,37.66
Rural,7.2,Electronics,Promotional,47.53
Rural,5.9,Groceries,Promotional,48.22
Suburb,8.6,Clothing,Promotional,74.79
Rural,7.4,Clothing,Promotional,40.82
Suburb,6.4,Electronics,Promotional,59.44
Suburb,8.0,Clothing,Non-Promotional,44.42
Rural,5.2,Electronics,Non-Promotional,48.52
Suburb,7.8,Clothing,Promotional,55.4
Rural,4.1,Electronics,Non-Promotional,40.27
Rural,4.2,Groceries,Non-Promotional,39.74
City Center,9.6,Groceries,Promotional,44.08
Rural,7.4,Electronics,Non-Promotional,33.51
City Center,9.0,Groceries,Promotional,86.81
Rural,6.1,Groceries,Non-Promotional,39.61
Rural,2.4,Electronics,Promotional,43.69
City Center,7.9,Electronics,Promotional,91.76
City Center,8.7,Groceries,Promotional,67.65
Rural,5.2,Groceries,Non-Promotional,35.88
Suburb,5.9,Groceries,Non-Promotional,58.59
City Center,10.0,Clothing,Promotional,91.6
Suburb,6.9,Clothing,Promotional,57.66
Suburb,7.7,Groceries,Promotional,42.19
Suburb,8.2,Electronics,Non-Promotional,58.02
City Center,6.5,Groceries,Non-Promotional,91.0
Suburb,7.3,Clothing,Non-Promotional,73.57
City Center,10.0,Electronics,Non-Promotional,84.21
Suburb,9.7,Electronics,Promotional,45.14
Rural,6.1,Clothing,Promotional,36.75
Rural,5.6,Clothing,Promotional,43.8
City Center,8.4,Groceries,Promotional,92.99
Rural,6.4,Groceries,Promotional,44.06
Rural,8.1,Groceries,Promotional,37.99
Suburb,5.5,Clothing,Promotional,68.59
City Center,7.6,Groceries,Promotional,70.39
Suburb,5.3,Groceries,Promotional,61.85
Suburb,5.5,Groceries,Promotional,67.5
Suburb,7.6,Groceries,Non-Promotional,65.77
Suburb,8.2,Groceries,Non-Promotional,65.99
Suburb,6.0,Groceries,Non-Promotional,65.74
Suburb,8.2,Electronics,Non-Promotional,49.51
Suburb,8.7,Electronics,Non-Promotional,60.18
City Center,10.0,Electronics,Promotional,66.36
Rural,6.1,Groceries,Non-Promotional,37.68
Suburb,6.0,Clothing,Non-Promotional,48.31
Suburb,5.5,Clothing,Non-Promotional,63.45
Suburb,5.3,Electronics,Promotional,40.35
Suburb,8.9,Electronics,Promotional,66.17
Suburb,4.7,Electronics,Promotional,60.15
Suburb,8.8,Groceries,Non-Promotional,79.02
Rural,4.7,Groceries,Non-Promotional,38.36
Rural,5.0,Clothing,Non-Promotional,38.36
Suburb,6.8,Electronics,Non-Promotional,66.83
Rural,4.9,Electronics,Promotional,38.83
City Center,9.4,Clothing,Non-Promotional,84.12
Suburb,9.7,Electronics,Promotional,69.94
City Center,7.0,Electronics,Non-Promotional,75.99
City Center,7.4,Groceries,Promotional,97.93
Suburb,6.8,Groceries,Promotional,43.21
Rural,6.8,Electronics,Promotional,52.83
City Center,7.8,Electronics,Promotional,53.18
Suburb,9.1,Electronics,Promotional,73.52
City Center,9.7,Electronics,Promotional,52.0
City Center,6.2,Clothing,Promotional,109.71
City Center,8.8,Electronics,Non-Promotional,82.41
City Center,10.0,Electronics,Promotional,65.83
Rural,5.3,Clothing,Promotional,54.92
City Center,7.6,Groceries,Promotional,63.67
City Center,7.2,Clothing,Non-Promotional,76.59
City Center,7.2,Groceries,Promotional,119.07
Rural,3.5,Electronics,Non-Promotional,43.16
City Center,6.0,Electronics,Non-Promotional,49.61
City Center,8.1,Clothing,Non-Promotional,75.9
Rural,8.3,Electronics,Non-Promotional,37.11
Rural,5.1,Groceries,Promotional,41.51
Rural,5.0,Electronics,Non-Promotional,39.64
City Center,10.0,Groceries,Promotional,88.19
Rural,4.3,Groceries,Promotional,27.78
Rural,3.5,Electronics,Promotional,35.62
City Center,6.8,Electronics,Promotional,84.68
Rural,5.0,Groceries,Promotional,33.9
City Center,5.4,Electronics,Non-Promotional,96.44
Suburb,6.8,Electronics,Promotional,52.58
Rural,7.4,Groceries,Non-Promotional,41.15
Suburb,5.1,Clothing,Promotional,58.95
City Center,8.1,Clothing,Promotional,64.78
Rural,6.6,Groceries,Non-Promotional,40.48
City Center,7.9,Electronics,Non-Promotional,60.32
Suburb,7.3,Electronics,Non-Promotional,55.56
City Center,8.3,Clothing,Promotional,80.45
Rural,4.8,Electronics,Promotional,28.58
Rural,8.2,Groceries,Promotional,44.99
Suburb,8.9,Clothing,Non-Promotional,62.6
City Center,9.8,Electronics,Promotional,87.98
Rural,7.5,Groceries,Promotional,40.02
Suburb,4.6,Groceries,Promotional,48.49
Rural,7.4,Groceries,Promotional,40.0
Rural,7.0,Groceries,Promotional,44.98
City Center,5.7,Electronics,Non-Promotional,62.15
Rural,5.7,Clothing,Promotional,31.11
City Center,8.4,Clothing,Promotional,76.31
Rural,8.5,Groceries,Promotional,37.03
Suburb,8.1,Clothing,Promotional,59.84
Rural,4.7,Electronics,Promotional,37.67
City Center,10.0,Electronics,Promotional,82.4
City Center,8.1,Electronics,Promotional,98.33
Suburb,6.6,Groceries,Non-Promotional,65.38
Rural,5.5,Clothing,Non-Promotional,40.45
Rural,3.6,Electronics,Non-Promotional,31.15
Suburb,6.8,Groceries,Promotional,52.78
Rural,6.7,Clothing,Non-Promotional,46.73
Rural,5.4,Clothing,Non-Promotional,36.25
City Center,8.6,Clothing,Non-Promotional,65.48
Rural,4.7,Electronics,Non-Promotional,56.78
Rural,5.8,Electronics,Non-Promotional,52.2
Suburb,7.5,Groceries,Promotional,58.76
Suburb,7.3,Clothing,Non-Promotional,49.17
City Center,5.6,Electronics,Promotional,90.85
Rural,5.3,Electronics,Non-Promotional,36.08
Rural,8.5,Groceries,Promotional,47.11
Rural,5.3,Electronics,Non-Promotional,36.09
City Center,8.0,Electronics,Non-Promotional,104.68
City Center,7.9,Clothing,Promotional,72.22
Suburb,9.4,Electronics,Promotional,83.65
City Center,9.9,Electronics,Non-Promotional,82.93
Rural,7.2,Groceries,Promotional,51.07
Rural,4.5,Groceries,Non-Promotional,35.68
City Center,8.5,Clothing,Non-Promotional,60.33
Rural,6.9,Clothing,Promotional,21.55
Rural,5.0,Groceries,Promotional,50.21
City Center,6.7,Electronics,Promotional,81.02
City Center,10.0,Electronics,Non-Promotional,61.29
Rural,5.5,Groceries,Promotional,50.55
Rural,8.4,Groceries,Non-Promotional,49.25
Rural,7.5,Electronics,Non-Promotional,51.06
Suburb,7.6,Electronics,Promotional,46.6
Suburb,7.7,Groceries,Promotional,72.46
Suburb,4.9,Groceries,Non-Promotional,63.84
City Center,8.3,Clothing,Promotional,101.41
Suburb,9.1,Groceries,Promotional,65.43
City Center,9.0,Electronics,Non-Promotional,82.6
City Center,8.2,Clothing,Promotional,98.9
Suburb,9.6,Electronics,Promotional,68.52
Suburb,6.7,Clothing,Non-Promotional,70.82
Suburb,6.1,Clothing,Non-Promotional,55.12
Rural,6.2,Groceries,Non-Promotional,38.62
Suburb,8.1,Electronics,Non-Promotional,42.66
Rural,3.4,Clothing,Promotional,35.52
City Center,8.4,Clothing,Non-Promotional,91.86
Rural,7.2,Electronics,Promotional,44.51
Suburb,6.6,Electronics,Non-Promotional,50.2
City Center,9.7,Groceries,Non-Promotional,99.24
City Center,9.0,Groceries,Non-Promotional,124.6
City Center,10.0,Electronics,Non-Promotional,66.46
Rural,4.9,Clothing,Non-Promotional,38.35
Suburb,8.2,Clothing,Promotional,53.78
City Center,6.5,Electronics,Promotional,78.58
City Center,5.6,Electronics,Non-Promotional,84.11
City Center,4.9,Groceries,Non-Promotional,69.54
Rural,6.8,Groceries,Non-Promotional,37.78
Rural,6.3,Groceries,Promotional,40.7
Suburb,6.3,Clothing,Non-Promotional,64.72
Rural,3.3,Groceries,Promotional,51.73
City Center,7.0,Electronics,Promotional,79.78
Suburb,7.0,Electronics,Promotional,54.38
City Center,9.2,Groceries,Promotional,90.45
City Center,8.0,Electronics,Non-Promotional,86.0
Rural,6.4,Electronics,Promotional,38.46
Suburb,6.4,Electronics,Non-Promotional,64.85
Rural,8.6,Electronics,Promotional,36.93
Rural,4.5,Electronics,Promotional,35.76
Suburb,6.0,Clothing,Promotional,41.01
City Center,7.3,Electronics,Non-Promotional,75.08
City Center,8.8,Clothing,Non-Promotional,53.56
Suburb,5.4,Electronics,Promotional,53.61
City Center,8.2,Groceries,Promotional,88.69
Suburb,7.2,Clothing,Promotional,44.95
Suburb,6.0,Clothing,Non-Promotional,58.1
Rural,6.5,Groceries,Promotional,40.52
Suburb,5.5,Groceries,Non-Promotional,57.61
Rural,4.3,Clothing,Promotional,36.15
City Center,8.1,Groceries,Promotional,84.88
City Center,5.5,Groceries,Non-Promotional,86.96
City Center,4.8,Groceries,Promotional,80.02
City Center,8.8,Groceries,Non-Promotional,73.61
Rural,7.6,Clothing,Non-Promotional,46.92
City Center,7.3,Electronics,Non-Promotional,60.34
Suburb,6.0,Electronics,Non-Promotional,66.87
Suburb,8.5,Clothing,Promotional,64.2
Suburb,5.3,Electronics,Promotional,61.99
Rural,4.0,Electronics,Promotional,39.92
City Center,9.1,Electronics,Non-Promotional,51.65
City Center,8.0,Groceries,Promotional,100.81
City Center,9.6,Clothing,Non-Promotional,92.58
Rural,2.8,Electronics,Non-Promotional,32.31
Suburb,4.9,Groceries,Promotional,67.59
Suburb,7.0,Electronics,Promotional,61.89
City Center,8.6,Electronics,Promotional,71.25
Suburb,8.3,Electronics,Promotional,71.92
Suburb,7.3,Clothing,Promotional,55.69
Rural,6.2,Groceries,Promotional,50.85
Rural,5.4,Clothing,Promotional,44.27
Rural,8.4,Electronics,Non-Promotional,47.65
Rural,4.3,Electronics,Non-Promotional,44.63
City Center,8.5,Groceries,Non-Promotional,87.99
Rural,4.5,Clothing,Promotional,41.72
Suburb,7.8,Electronics,Non-Promotional,52.73
City Center,6.4,Electronics,Promotional,80.94
Suburb,8.1,Groceries,Non-Promotional,69.16
Suburb,7.2,Clothing,Promotional,67.19
Suburb,9.6,Groceries,Non-Promotional,65.01
Rural,5.6,Electronics,Promotional,23.23
Rural,6.6,Groceries,Non-Promotional,38.29
City Center,6.8,Groceries,Non-Promotional,75.23
City Center,7.6,Electronics,Promotional,63.45
Rural,6.2,Electronics,Non-Promotional,47.23
Suburb,4.7,Clothing,Promotional,39.75
City Center,5.9,Clothing,Non-Promotional,92.55
Rural,6.9,Clothing,Promotional,50.63
Rural,5.8,Electronics,Non-Promotional,38.32
Rural,5.1,Clothing,Promotional,39.41
Suburb,5.9,Clothing,Promotional,69.68
Rural,5.0,Groceries,Promotional,33.89
Rural,6.2,Electronics,Promotional,45.29
Rural,6.7,Groceries,Non-Promotional,32.66
Rural,2.9,Clothing,Non-Promotional,30.26
City Center,10.0,Clothing,Non-Promotional,84.44
City Center,10.0,Groceries,Promotional,79.6
Rural,2.5,Electronics,Promotional,26.23
Suburb,8.6,Clothing,Non-Promotional,74.15
City Center,9.6,Electronics,Promotional,73.78
Rural,6.0,Clothing,Non-Promotional,44.09
City Center,6.1,Electronics,Promotional,104.08
City Center,9.5,Clothing,Promotional,83.71
Suburb,6.6,Groceries,Non-Promotional,72.73
Rural,6.8,Electronics,Promotional,33.1
Rural,9.3,Groceries,Promotional,51.37
Suburb,7.4,Electronics,Non-Promotional,51.74
Suburb,5.6,Clothing,Promotional,54.29
Rural,5.5,Electronics,Promotional,28.36
Rural,4.8,Electronics,Promotional,42.15
Suburb,7.7,Electronics,Non-Promotional,66.31
City Center,6.8,Groceries,Non-Promotional,91.5
City Center,7.3,Electronics,Promotional,58.53
Suburb,5.1,Electronics,Non-Promotional,63.75
City Center,7.8,Clothing,Non-Promotional,86.18
Suburb,7.3,Electronics,Non-Promotional,66.15
City Center,4.0,Clothing,Promotional,68.41
City Center,8.4,Clothing,Promotional,42.42
Rural,5.9,Electronics,Promotional,45.65
Rural,4.9,Electronics,Non-Promotional,38.83
City Center,10.0,Electronics,Non-Promotional,84.2
City Center,9.4,Groceries,Promotional,78.58
Rural,4.4,Electronics,Non-Promotional,41.88
Rural,7.3,Electronics,Promotional,45.9
Rural,7.9,Electronics,Promotional,25.14
Suburb,7.2,Electronics,Promotional,71.41
City Center,8.5,Clothing,Promotional,77.27
Rural,6.5,Groceries,Non-Promotional,53.02
City Center,4.9,Clothing,Promotional,73.11
Suburb,6.7,Clothing,Non-Promotional,53.18
Suburb,6.6,Clothing,Promotional,58.52
Rural,8.1,Clothing,Non-Promotional,44.0
Suburb,7.5,Groceries,Non-Promotional,57.26
City Center,7.6,Groceries,Promotional,88.59
Rural,5.9,Groceries,Non-Promotional,36.9
City Center,9.5,Electronics,Non-Promotional,80.52
City Center,7.7,Electronics,Non-Promotional,113.55
Suburb,6.0,Clothing,Non-Promotional,63.57
Suburb,6.6,Electronics,Promotional,64.37
Suburb,8.4,Electronics,Non-Promotional,45.27
Suburb,7.7,Clothing,Promotional,73.54
Suburb,7.1,Electronics,Promotional,70.66
Rural,6.3,Electronics,Promotional,34.28
City Center,7.2,Clothing,Non-Promotional,95.7
City Center,7.7,Clothing,Non-Promotional,84.95
City Center,7.0,Clothing,Promotional,80.7
City Center,7.6,Groceries,Promotional,99.36
Suburb,9.0,Clothing,Non-Promotional,54.88
City Center,6.4,Electronics,Non-Promotional,69.16
Rural,5.0,Groceries,Promotional,41.66
Rural,4.1,Clothing,Promotional,44.23
City Center,5.8,Clothing,Promotional,94.49
City Center,7.7,Clothing,Non-Promotional,77.74
Rural,5.1,Clothing,Non-Promotional,33.2
Rural,8.6,Clothing,Promotional,60.23
Suburb,6.6,Groceries,Promotional,49.13
Rural,7.9,Groceries,Promotional,40.44
Suburb,8.5,Clothing,Non-Promotional,67.8
Suburb,6.7,Electronics,Promotional,71.51
Suburb,10.0,Clothing,Promotional,54.33
Suburb,7.4,Clothing,Promotional,41.25
Suburb,9.3,Electronics,Non-Promotional,54.1
City Center,10.0,Groceries,Non-Promotional,92.92
Rural,6.6,Electronics,Non-Promotional,45.1
Suburb,8.1,Electronics,Non-Promotional,66.7
Rural,6.9,Clothing,Promotional,45.69
Rural,4.3,Groceries,Promotional,50.72
Suburb,7.1,Electronics,Promotional,52.24
City Center,9.6,Groceries,Non-Promotional,62.03
Suburb,9.3,Groceries,Non-Promotional,63.7
City Center,6.9,Groceries,Promotional,64.27
Rural,6.8,Electronics,Promotional,29.91
City Center,8.2,Groceries,Promotional,98.36
City Center,7.8,Clothing,Promotional,83.76
City Center,8.5,Clothing,Non-Promotional,80.43
Rural,6.3,Groceries,Non-Promotional,40.39
Rural,6.8,Groceries,Non-Promotional,39.15
City Center,10.0,Electronics,Promotional,98.26
City Center,9.2,Electronics,Promotional,57.28
Suburb,7.5,Groceries,Non-Promotional,44.44
City Center,10.0,Electronics,Promotional,65.95
Suburb,8.7,Clothing,Non-Promotional,62.89
City Center,7.9,Clothing,Non-Promotional,107.08
Suburb,5.2,Groceries,Promotional,68.69
Rural,4.5,Groceries,Non-Promotional,44.74
City Center,9.4,Clothing,Promotional,78.8
City Center,7.1,Electronics,Promotional,60.01
City Center,6.5,Clothing,Promotional,87.72
City Center,6.9,Electronics,Promotional,110.39
Suburb,6.0,Electronics,Non-Promotional,57.6
City Center,9.3,Groceries,Non-Promotional,71.59
Rural,5.8,Clothing,Non-Promotional,38.12
Rural,3.9,Electronics,Non-Promotional,44.8
City Center,8.0,Electronics,Non-Promotional,81.68
Rural,6.3,Groceries,Promotional,47.28
City Center,7.3,Clothing,Promotional,79.5
City Center,9.7,Groceries,Promotional,76.38
Rural,5.4,Electronics,Promotional,41.83
City Center,9.7,Electronics,Promotional,71.91
Rural,6.9,Electronics,Promotional,53.93
Suburb,8.4,Electronics,Non-Promotional,68.23
City Center,6.4,Clothing,Non-Promotional,63.5
Suburb,7.1,Groceries,Promotional,52.54
Rural,5.9,Groceries,Non-Promotional,44.52
Suburb,4.9,Clothing,Promotional,61.83
Suburb,8.7,Clothing,Non-Promotional,63.03
Rural,4.8,Groceries,Promotional,38.46
Suburb,6.1,Electronics,Promotional,64.55
Suburb,5.5,Clothing,Promotional,58.31
Rural,7.1,Groceries,Promotional,44.51
Suburb,4.7,Groceries,Promotional,67.73
Rural,6.9,Electronics,Non-Promotional,52.85
Suburb,8.6,Electronics,Non-Promotional,54.85
Rural,6.8,Clothing,Promotional,39.91
Rural,7.1,Electronics,Non-Promotional,30.25
Suburb,8.1,Electronics,Promotional,78.26
Suburb,5.6,Clothing,Non-Promotional,40.25
Suburb,9.2,Clothing,Non-Promotional,76.83
City Center,7.3,Clothing,Promotional,81.4
City Center,7.9,Groceries,Promotional,86.28
City Center,7.5,Clothing,Non-Promotional,77.51
Rural,6.7,Electronics,Promotional,40.25
Suburb,6.2,Groceries,Promotional,65.88
Rural,6.1,Clothing,Promotional,26.91
City Center,6.1,Electronics,Non-Promotional,70.22
Suburb,8.7,Clothing,Promotional,51.55
Rural,7.0,Electronics,Promotional,43.58
Suburb,6.6,Electronics,Promotional,60.04
Rural,5.3,Groceries,Promotional,44.94
Suburb,8.0,Electronics,Promotional,61.65
City Center,6.9,Clothing,Promotional,95.88
City Center,8.2,Clothing,Promotional,68.9
Suburb,8.7,Electronics,Promotional,60.58
Rural,4.8,Clothing,Promotional,48.87
City Center,8.6,Groceries,Promotional,93.64
City Center,8.5,Clothing,Promotional,57.81
City Center,7.9,Electronics,Promotional,64.68
Suburb,6.2,Electronics,Promotional,59.18
Suburb,8.8,Clothing,Promotional,57.65
Rural,5.1,Groceries,Promotional,39.48
Rural,3.3,Clothing,Promotional,46.37
Rural,7.0,Clothing,Promotional,42.32
Suburb,5.2,Clothing,Promotional,63.48
Suburb,8.0,Groceries,Promotional,66.71
Rural,8.0,Electronics,Promotional,48.59
Rural,6.9,Groceries,Non-Promotional,15.55
Suburb,8.6,Clothing,Non-Promotional,56.13
Rural,9.0,Clothing,Promotional,32.94
City Center,9.5,Electronics,Non-Promotional,87.13
Suburb,7.5,Clothing,Non-Promotional,55.38
Rural,8.5,Clothing,Non-Promotional,40.61
Suburb,9.6,Clothing,Non-Promotional,68.52
City Center,10.0,Groceries,Promotional,70.96
Suburb,6.3,Groceries,Non-Promotional,63.63
Suburb,5.0,Groceries,Promotional,75.54
Suburb,6.2,Electronics,Promotional,68.32
Suburb,8.1,Clothing,Non-Promotional,44.14
City Center,8.2,Clothing,Non-Promotional,75.62
Suburb,6.7,Groceries,Promotional,63.56
Suburb,7.8,Electronics,Non-Promotional,65.53
Rural,3.8,Clothing,Promotional,37.98
Suburb,7.2,Clothing,Promotional,53.6
Rural,7.7,Clothing,Promotional,40.54
City Center,8.8,Electronics,Promotional,63.7
City Center,9.0,Groceries,Promotional,96.5
City Center,10.0,Electronics,Non-Promotional,108.03
City Center,7.9,Groceries,Non-Promotional,85.92
Rural,5.0,Clothing,Non-Promotional,38.14
Suburb,8.8,Electronics,Non-Promotional,69.41
City Center,9.8,Clothing,Non-Promotional,91.58
Suburb,7.8,Groceries,Promotional,57.24
Rural,5.8,Clothing,Promotional,39.62
Rural,6.0,Groceries,Promotional,35.12
Rural,4.1,Electronics,Promotional,41.32
City Center,9.7,Clothing,Non-Promotional,84.48
Suburb,8.6,Groceries,Promotional,52.2
Suburb,5.0,Clothing,Promotional,49.25
Suburb,8.3,Groceries,Promotional,46.74
Rural,6.6,Groceries,Promotional,43.33
City Center,6.5,Clothing,Non-Promotional,79.83
Rural,4.2,Electronics,Promotional,39.33
Rural,6.6,Groceries,Promotional,43.72
Suburb,6.4,Electronics,Non-Promotional,50.99
Rural,8.7,Groceries,Non-Promotional,31.44
Suburb,8.4,Electronics,Promotional,62.41
City Center,8.7,Groceries,Promotional,54.07
Suburb,7.8,Clothing,Promotional,57.41
City Center,10.0,Clothing,Non-Promotional,117.0
Suburb,8.3,Groceries,Promotional,46.51
Rural,6.7,Groceries,Promotional,36.56
Rural,4.5,Clothing,Promotional,23.02
City Center,10.0,Groceries,Promotional,76.49
City Center,6.3,Electronics,Promotional,109.5
City Center,7.5,Clothing,Promotional,87.0
Suburb,4.5,Groceries,Non-Promotional,53.86
Suburb,7.8,Clothing,Promotional,81.81
City Center,8.2,Electronics,Non-Promotional,53.86
Rural,7.1,Groceries,Non-Promotional,43.63
Suburb,4.4,Electronics,Non-Promotional,60.65
Suburb,8.7,Clothing,Promotional,57.53
Suburb,5.8,Clothing,Promotional,68.07
City Center,7.8,Electronics,Promotional,62.27
City Center,9.4,Electronics,Non-Promotional,84.69
City Center,8.4,Electronics,Non-Promotional,82.78
City Center,8.5,Groceries,Non-Promotional,66.93
City Center,9.2,Electronics,Non-Promotional,109.25
Rural,6.6,Groceries,Non-Promotional,38.55
Rural,5.5,Clothing,Promotional,38.89
City Center,7.8,Clothing,Promotional,64.58
Suburb,7.3,Electronics,Non-Promotional,58.37
City Center,6.7,Clothing,Non-Promotional,115.02
Rural,7.5,Clothing,Promotional,37.98
Rural,6.4,Electronics,Promotional,44.15
Suburb,7.1,Groceries,Promotional,69.51
Rural,7.8,Electronics,Promotional,38.55
City Center,7.8,Electronics,Non-Promotional,73.86
Suburb,6.7,Groceries,Promotional,64.72
City Center,7.3,Groceries,Promotional,76.38
City Center,8.5,Groceries,Promotional,75.02
Suburb,7.5,Groceries,Non-Promotional,69.4
City Center,7.0,Groceries,Promotional,78.96
Rural,5.7,Groceries,Non-Promotional,49.71
City Center,7.0,Electronics,Promotional,78.62
Suburb,5.9,Groceries,Promotional,46.83
Suburb,4.4,Electronics,Non-Promotional,25.74
Suburb,6.7,Groceries,Non-Promotional,41.62
City Center,5.4,Groceries,Promotional,55.01
Suburb,6.3,Clothing,Promotional,62.67
Suburb,6.1,Electronics,Promotional,50.29
City Center,9.6,Electronics,Non-Promotional,50.39
Rural,4.5,Electronics,Promotional,38.95
City Center,6.9,Groceries,Non-Promotional,63.77
Suburb,6.4,Groceries,Promotional,64.63
Suburb,6.1,Clothing,Promotional,64.38
City Center,10.0,Electronics,Promotional,88.16
Rural,4.3,Groceries,Promotional,19.53
Suburb,6.4,Electronics,Non-Promotional,60.45
Suburb,7.5,Electronics,Promotional,58.79
Suburb,8.3,Groceries,Promotional,47.78
City Center,7.4,Clothing,Non-Promotional,47.94
Suburb,4.1,Groceries,Promotional,58.91
Rural,5.8,Groceries,Non-Promotional,48.51
Suburb,9.0,Groceries,Non-Promotional,34.18
Suburb,7.4,Groceries,Promotional,51.67
Rural,6.4,Clothing,Non-Promotional,41.05
Suburb,5.4,Electronics,Promotional,71.25
City Center,6.3,Electronics,Non-Promotional,75.31
City Center,8.0,Electronics,Non-Promotional,108.97
City Center,5.9,Groceries,Promotional,53.07
Rural,7.2,Groceries,Non-Promotional,23.86
Suburb,5.7,Clothing,Promotional,70.18
City Center,8.0,Groceries,Promotional,44.76
Rural,3.2,Groceries,Non-Promotional,43.69
Suburb,6.4,Clothing,Promotional,57.05
Rural,4.2,Groceries,Non-Promotional,32.79
City Center,4.5,Clothing,Promotional,73.6
City Center,8.8,Electronics,Non-Promotional,60.66
City Center,10.0,Clothing,Promotional,75.22
Rural,7.7,Clothing,Non-Promotional,40.14
Rural,7.0,Electronics,Non-Promotional,36.67
City Center,7.4,Groceries,Promotional,71.23
Rural,7.2,Electronics,Non-Promotional,42.03
City Center,9.8,Electronics,Promotional,104.89
City Center,8.2,Groceries,Promotional,76.01
Suburb,5.2,Clothing,Non-Promotional,68.2
Rural,5.3,Clothing,Non-Promotional,32.27
City Center,10.0,Clothing,Non-Promotional,59.99
City Center,7.9,Electronics,Non-Promotional,86.8
Rural,1.0,Groceries,Non-Promotional,38.13
Suburb,4.8,Electronics,Promotional,71.29
Suburb,6.4,Groceries,Promotional,73.25
City Center,9.6,Clothing,Non-Promotional,92.59
Rural,5.6,Clothing,Promotional,46.54
Suburb,8.6,Electronics,Promotional,25.75
Rural,5.2,Electronics,Promotional,43.56
Rural,3.1,Clothing,Promotional,46.9
City Center,7.3,Clothing,Non-Promotional,60.92
Suburb,7.5,Clothing,Promotional,60.09
City Center,8.4,Groceries,Promotional,64.36
Suburb,5.1,Electronics,Promotional,70.28
Suburb,6.5,Groceries,Non-Promotional,50.44
Suburb,10.0,Electronics,Non-Promotional,52.07
Suburb,5.2,Clothing,Promotional,55.36
Suburb,8.0,Electronics,Promotional,82.49
Rural,2.9,Clothing,Non-Promotional,48.04
City Center,9.3,Electronics,Promotional,104.19
Rural,4.7,Electronics,Promotional,25.5
Suburb,7.6,Clothing,Non-Promotional,47.31
City Center,6.1,Electronics,Promotional,100.08
Suburb,7.4,Clothing,Promotional,42.4
City Center,6.6,Electronics,Promotional,69.92
Rural,4.9,Groceries,Non-Promotional,56.44
City Center,8.7,Groceries,Promotional,65.55
City Center,7.4,Electronics,Non-Promotional,52.69
City Center,8.6,Clothing,Non-Promotional,80.71
City Center,7.7,Groceries,Promotional,53.3
City Center,8.1,Clothing,Promotional,98.56
Suburb,7.7,Groceries,Promotional,51.05
City Center,7.5,Groceries,Non-Promotional,63.57
City Center,6.5,Groceries,Non-Promotional,80.44
Rural,5.2,Electronics,Non-Promotional,36.76
City Center,9.8,Groceries,Promotional,83.79
Rural,6.2,Clothing,Promotional,44.17
Suburb,5.7,Clothing,Promotional,57.83
City Center,8.6,Clothing,Promotional,62.58
Rural,6.7,Clothing,Non-Promotional,45.84
Rural,6.8,Electronics,Promotional,34.45
Suburb,5.5,Clothing,Promotional,51.31
City Center,7.0,Clothing,Promotional,82.14
City Center,7.0,Electronics,Non-Promotional,51.07
Rural,5.5,Electronics,Non-Promotional,43.13
City Center,8.8,Groceries,Non-Promotional,82.94
Rural,6.4,Electronics,Promotional,48.97
City Center,8.6,Groceries,Promotional,72.49
Rural,8.0,Electronics,Promotional,50.6
City Center,9.0,Clothing,Promotional,87.94
Suburb,6.8,Electronics,Promotional,59.73
City Center,6.2,Clothing,Non-Promotional,107.25
City Center,6.9,Groceries,Non-Promotional,81.43
Suburb,6.6,Electronics,Non-Promotional,54.82
City Center,9.2,Electronics,Promotional,81.86
Suburb,7.0,Groceries,Non-Promotional,54.61
City Center,7.0,Electronics,Non-Promotional,85.6
Rural,4.9,Electronics,Promotional,50.57
Rural,5.9,Clothing,Promotional,39.94
City Center,9.3,Clothing,Promotional,81.35
City Center,10.0,Clothing,Non-Promotional,91.97
City Center,7.7,Clothing,Promotional,97.81
Rural,5.9,Electronics,Non-Promotional,36.38
City Center,6.2,Electronics,Non-Promotional,82.59
Rural,8.9,Electronics,Non-Promotional,46.42
Suburb,4.9,Groceries,Promotional,63.3
Rural,7.8,Groceries,Non-Promotional,25.1
Rural,5.5,Clothing,Non-Promotional,47.86
Suburb,6.1,Groceries,Promotional,65.23
Rural,4.3,Groceries,Promotional,44.75
City Center,10.0,Clothing,Non-Promotional,62.12
City Center,8.3,Electronics,Promotional,82.29
Rural,6.0,Clothing,Promotional,46.75
City Center,9.3,Clothing,Non-Promotional,66.79
Rural,5.0,Groceries,Promotional,35.04
City Center,8.0,Electronics,Non-Promotional,92.91
City Center,8.1,Groceries,Non-Promotional,69.99
Rural,5.2,Groceries,Promotional,38.33
City Center,9.8,Clothing,Promotional,64.48
Rural,5.7,Electronics,Non-Promotional,54.56
City Center,5.7,Clothing,Non-Promotional,87.81
City Center,7.5,Electronics,Non-Promotional,76.17
Suburb,7.4,Clothing,Promotional,55.58
Suburb,5.7,Groceries,Non-Promotional,47.72
Rural,4.8,Groceries,Promotional,39.12
Suburb,6.2,Clothing,Promotional,66.65
Rural,7.8,Electronics,Non-Promotional,33.52
Suburb,6.3,Electronics,Non-Promotional,61.06
City Center,10.0,Clothing,Promotional,74.49
Rural,5.1,Clothing,Promotional,51.04
Rural,6.5,Electronics,Promotional,34.91
City Center,7.3,Electronics,Promotional,91.66
Rural,7.1,Electronics,Promotional,51.15
Rural,4.3,Groceries,Non-Promotional,36.98
Suburb,8.1,Clothing,Non-Promotional,54.11
Rural,6.2,Groceries,Promotional,47.38
City Center,7.0,Clothing,Non-Promotional,53.28
Suburb,6.8,Electronics,Promotional,64.31
Suburb,9.3,Clothing,Promotional,44.25
City Center,8.2,Groceries,Non-Promotional,98.34
City Center,6.9,Electronics,Non-Promotional,76.22
Suburb,5.2,Clothing,Non-Promotional,59.09
Rural,6.8,Electronics,Promotional,34.21
Suburb,7.3,Groceries,Non-Promotional,44.17
City Center,9.0,Groceries,Non-Promotional,98.99
Suburb,4.8,Clothing,Non-Promotional,58.29
City Center,6.2,Clothing,Promotional,128.13
Suburb,8.7,Electronics,Promotional,51.9
Rural,6.5,Groceries,Promotional,34.83
Suburb,7.8,Clothing,Promotional,51.03
Suburb,5.6,Groceries,Non-Promotional,58.24
City Center,6.5,Clothing,Promotional,103.63
City Center,9.5,Electronics,Non-Promotional,95.15
City Center,9.6,Electronics,Promotional,57.43
Suburb,5.4,Groceries,Non-Promotional,72.04
Rural,4.1,Groceries,Promotional,45.46
City Center,7.8,Electronics,Promotional,87.22
City Center,6.8,Electronics,Non-Promotional,69.74
Suburb,5.8,Electronics,Promotional,53.9
City Center,6.1,Clothing,Non-Promotional,82.06
Rural,5.3,Clothing,Non-Promotional,35.57
Rural,4.3,Electronics,Promotional,50.5
City Center,6.4,Clothing,Promotional,71.06
City Center,8.4,Electronics,Promotional,50.8
Suburb,6.9,Groceries,Promotional,46.99
Rural,6.7,Electronics,Promotional,30.1
Rural,3.5,Groceries,Promotional,37.89
City Center,8.0,Groceries,Promotional,83.24
Suburb,10.0,Groceries,Promotional,60.54
Rural,5.4,Groceries,Promotional,43.69
Rural,7.2,Electronics,Promotional,37.98
Suburb,8.2,Clothing,Non-Promotional,57.83
Suburb,8.3,Electronics,Promotional,77.52
Rural,6.2,Electronics,Promotional,49.64
Rural,6.8,Electronics,Promotional,43.27
Suburb,8.0,Clothing,Non-Promotional,69.17
Rural,7.0,Groceries,Non-Promotional,24.59
City Center,6.3,Clothing,Promotional,67.66
City Center,5.4,Clothing,Promotional,73.52
Suburb,4.7,Electronics,Promotional,51.89
Suburb,6.6,Groceries,Promotional,44.54
Suburb,7.9,Electronics,Promotional,64.21
City Center,6.3,Electronics,Promotional,100.79
Rural,7.4,Clothing,Promotional,39.9
City Center,7.2,Groceries,Promotional,89.72
Rural,5.3,Electronics,Promotional,39.66
City Center,6.7,Electronics,Non-Promotional,73.38
Rural,3.2,Groceries,Promotional,47.35
City Center,8.3,Electronics,Non-Promotional,58.58
Suburb,9.6,Clothing,Non-Promotional,41.37
City Center,7.9,Clothing,Promotional,58.37
Rural,3.2,Clothing,Promotional,46.83
City Center,9.2,Clothing,Promotional,81.31
City Center,5.6,Electronics,Non-Promotional,85.65
City Center,6.2,Clothing,Non-Promotional,105.15
Suburb,6.6,Electronics,Promotional,48.37
City Center,8.2,Clothing,Promotional,98.06
Suburb,5.5,Clothing,Promotional,56.04
Suburb,6.6,Groceries,Promotional,54.52
City Center,9.1,Groceries,Non-Promotional,81.22
City Center,9.3,Electronics,Promotional,83.57
City Center,9.9,Groceries,Promotional,76.84
Rural,8.9,Electronics,Non-Promotional,44.88
City Center,9.2,Groceries,Non-Promotional,81.28
Suburb,6.7,Groceries,Promotional,58.01
City Center,9.3,Electronics,Non-Promotional,73.76
Rural,6.7,Clothing,Non-Promotional,41.91
City Center,8.8,Groceries,Promotional,59.65
Rural,6.3,Electronics,Non-Promotional,31.4
Rural,4.6,Groceries,Promotional,37.06
City Center,6.5,Groceries,Promotional,88.17
Suburb,6.9,Electronics,Promotional,81.43
Rural,6.2,Electronics,Non-Promotional,38.73
City Center,7.0,Groceries,Promotional,53.39
City Center,8.6,Electronics,Non-Promotional,68.15
Suburb,10.0,Groceries,Promotional,66.59
Rural,3.4,Electronics,Promotional,32.24
Rural,6.9,Groceries,Promotional,29.55
City Center,7.9,Electronics,Promotional,89.81
City Center,8.7,Clothing,Non-Promotional,86.97
Suburb,6.4,Clothing,Promotional,45.27
Suburb,6.8,Clothing,Promotional,51.05
Rural,6.2,Electronics,Promotional,49.96
Rural,5.5,Electronics,Promotional,46.82
City Center,5.7,Electronics,Promotional,62.04
Rural,5.6,Electronics,Promotional,24.09
Suburb,4.9,Electronics,Promotional,62.69
Suburb,8.0,Electronics,Promotional,57.04
City Center,5.2,Groceries,Non-Promotional,82.73
Suburb,8.5,Electronics,Promotional,66.35
Suburb,7.6,Groceries,Promotional,50.44
Suburb,7.7,Electronics,Promotional,55.68
Suburb,3.8,Electronics,Promotional,51.01
City Center,7.5,Clothing,Promotional,67.05
City Center,9.7,Electronics,Non-Promotional,88.47
Rural,5.2,Electronics,Promotional,41.15
Suburb,5.4,Electronics,Non-Promotional,44.37
Rural,5.0,Clothing,Promotional,45.8
City Center,7.9,Groceries,Non-Promotional,74.75
City Center,6.7,Groceries,Promotional,91.57
City Center,9.9,Groceries,Promotional,64.78
City Center,7.9,Electronics,Promotional,66.11
City Center,7.2,Electronics,Non-Promotional,83.78
City Center,6.0,Electronics,Non-Promotional,63.55
City Center,8.7,Electronics,Promotional,75.88
Suburb,7.7,Electronics,Non-Promotional,47.9
Rural,4.8,Electronics,Non-Promotional,36.87
City Center,4.6,Electronics,Promotional,79.52
Suburb,7.6,Groceries,Promotional,60.15
Suburb,6.7,Clothing,Non-Promotional,56.35
Rural,6.5,Groceries,Promotional,42.67
City Center,10.0,Electronics,Promotional,82.22
Rural,6.0,Electronics,Non-Promotional,39.29
City Center,7.2,Clothing,Promotional,70.61
Suburb,5.3,Electronics,Promotional,70.68
Suburb,6.5,Groceries,Non-Promotional,63.86
Suburb,7.2,Groceries,Non-Promotional,49.64
Suburb,7.1,Groceries,Non-Promotional,66.49
Rural,8.6,Clothing,Promotional,47.0
City Center,8.7,Clothing,Non-Promotional,78.78
City Center,7.8,Electronics,Non-Promotional,79.77
Rural,4.9,Clothing,Promotional,23.53
City Center,8.4,Clothing,Non-Promotional,67.35
Suburb,5.6,Electronics,Non-Promotional,68.44
City Center,8.3,Electronics,Promotional,68.26
Suburb,7.7,Clothing,Promotional,58.4
Rural,5.7,Electronics,Promotional,33.13
City Center,7.1,Groceries,Promotional,83.46
Rural,2.7,Clothing,Promotional,43.15
City Center,9.7,Groceries,Non-Promotional,86.31
Suburb,7.6,Clothing,Non-Promotional,48.61
Rural,6.6,Electronics,Promotional,40.85
City Center,5.7,Electronics,Non-Promotional,103.65
Suburb,9.1,Clothing,Non-Promotional,67.48
Rural,5.3,Electronics,Non-Promotional,40.75
Rural,5.6,Clothing,Promotional,24.55
City Center,6.4,Electronics,Non-Promotional,76.26
City Center,5.3,Electronics,Promotional,104.7
City Center,9.7,Groceries,Non-Promotional,99.78
Suburb,8.9,Clothing,Non-Promotional,64.61
City Center,7.8,Groceries,Promotional,69.21
Rural,5.0,Groceries,Promotional,40.42
Rural,5.4,Electronics,Promotional,46.19
City Center,7.5,Groceries,Promotional,94.11
City Center,6.2,Groceries,Non-Promotional,84.69
Rural,5.6,Electronics,Non-Promotional,46.84
Suburb,7.2,Groceries,Non-Promotional,59.41
City Center,9.5,Electronics,Non-Promotional,78.46
City Center,8.0,Electronics,Promotional,73.12
Rural,3.6,Clothing,Promotional,43.4
City Center,8.5,Groceries,Promotional,95.01
Suburb,6.6,Clothing,Non-Promotional,67.08
Rural,8.1,Electronics,Non-Promotional,30.26
City Center,10.0,Clothing,Promotional,62.53
Rural,8.2,Electronics,Promotional,48.83
City Center,7.2,Groceries,Non-Promotional,82.65
City Center,10.0,Groceries,Non-Promotional,83.23
City Center,8.5,Electronics,Promotional,82.9
Suburb,9.4,Clothing,Promotional,77.52
Suburb,6.2,Clothing,Non-Promotional,55.54
Rural,5.6,Electronics,Non-Promotional,48.93
City Center,8.4,Clothing,Promotional,83.5
City Center,8.2,Clothing,Promotional,55.99
Suburb,8.9,Clothing,Promotional,51.75
City Center,7.7,Clothing,Non-Promotional,70.89
Suburb,8.7,Electronics,Non-Promotional,70.93
City Center,9.1,Groceries,Non-Promotional,98.41
Rural,5.7,Groceries,Promotional,42.83
City Center,9.0,Electronics,Promotional,72.16
City Center,7.3,Electronics,Promotional,66.34
Suburb,10.0,Electronics,Non-Promotional,71.38
City Center,4.0,Electronics,Promotional,60.73
City Center,9.0,Groceries,Promotional,78.44
Suburb,4.4,Groceries,Non-Promotional,83.64
Rural,5.7,Groceries,Promotional,35.84
Rural,5.9,Electronics,Non-Promotional,29.83
Suburb,9.3,Clothing,Promotional,42.35
Suburb,6.0,Clothing,Promotional,84.04
Suburb,9.0,Electronics,Non-Promotional,63.49
Suburb,5.2,Clothing,Non-Promotional,51.31
Suburb,9.0,Clothing,Non-Promotional,58.11
Rural,5.3,Groceries,Non-Promotional,34.7
Rural,6.1,Electronics,Promotional,25.09
Suburb,6.5,Groceries,Non-Promotional,67.88
City Center,9.9,Clothing,Non-Promotional,80.51
Suburb,8.6,Electronics,Non-Promotional,67.05
City Center,8.7,Groceries,Non-Promotional,80.1
Suburb,5.3,Electronics,Promotional,61.31
Suburb,5.9,Groceries,Non-Promotional,37.65
Rural,4.5,Clothing,Promotional,47.26
City Center,4.6,Groceries,Promotional,63.68
City Center,9.9,Electronics,Promotional,67.52
Rural,5.5,Groceries,Non-Promotional,35.78
Rural,5.5,Groceries,Promotional,23.53
Rural,8.2,Clothing,Non-Promotional,35.34
Rural,5.3,Clothing,Non-Promotional,34.78
City Center,6.7,Clothing,Promotional,74.33
City Center,7.7,Electronics,Non-Promotional,54.48
Suburb,5.3,Electronics,Non-Promotional,69.28
Suburb,7.5,Clothing,Promotional,63.98
Rural,5.4,Groceries,Promotional,33.09
Rural,5.2,Electronics,Promotional,35.35
Rural,5.1,Electronics,Non-Promotional,46.71
Suburb,6.8,Electronics,Non-Promotional,57.43
Suburb,7.1,Electronics,Promotional,47.59
Suburb,6.2,Electronics,Non-Promotional,59.16
Suburb,6.5,Clothing,Promotional,49.12
Suburb,6.9,Electronics,Promotional,52.92
Suburb,6.7,Groceries,Non-Promotional,59.49
Suburb,7.0,Groceries,Promotional,70.55
Rural,5.0,Groceries,Promotional,56.19
Rural,7.5,Groceries,Non-Promotional,50.9
Rural,6.1,Clothing,Promotional,39.43
Rural,5.2,Electronics,Promotional,58.06
Suburb,7.5,Electronics,Promotional,65.58
City Center,7.9,Groceries,Non-Promotional,65.3
Suburb,4.4,Electronics,Promotional,60.95
City Center,8.5,Clothing,Non-Promotional,70.15
Rural,4.5,Clothing,Non-Promotional,30.02
Suburb,8.4,Clothing,Non-Promotional,48.26
Rural,5.6,Electronics,Non-Promotional,38.82
Suburb,8.2,Electronics,Non-Promotional,67.54
Rural,5.1,Clothing,Promotional,48.55
City Center,8.1,Electronics,Promotional,61.33
City Center,9.8,Groceries,Promotional,75.45
City Center,7.6,Electronics,Promotional,87.3
Suburb,6.1,Electronics,Promotional,61.52
City Center,9.0,Electronics,Non-Promotional,90.42
Suburb,8.0,Clothing,Promotional,55.65
City Center,7.2,Electronics,Promotional,99.09
City Center,5.0,Electronics,Promotional,79.94
Suburb,6.1,Electronics,Non-Promotional,67.58
Suburb,8.0,Clothing,Promotional,56.19
City Center,6.8,Electronics,Promotional,80.88
Suburb,7.0,Groceries,Non-Promotional,44.04
City Center,7.0,Groceries,Non-Promotional,67.45
Suburb,4.1,Clothing,Non-Promotional,57.93
Rural,5.0,Clothing,Non-Promotional,40.8
Rural,7.0,Electronics,Promotional,61.45
Rural,2.4,Groceries,Promotional,36.94
Rural,6.4,Clothing,Promotional,28.99
Rural,4.2,Electronics,Promotional,53.62
City Center,8.9,Groceries,Promotional,96.18
Rural,7.1,Groceries,Non-Promotional,30.75
Rural,5.7,Clothing,Non-Promotional,43.72
Rural,5.7,Groceries,Non-Promotional,46.68
Rural,4.8,Groceries,Non-Promotional,41.31
Suburb,5.0,Groceries,Promotional,63.26
City Center,10.0,Groceries,Promotional,70.52
Rural,4.7,Clothing,Promotional,44.03
Rural,8.4,Groceries,Non-Promotional,36.07
Rural,4.7,Electronics,Promotional,18.84
City Center,8.8,Groceries,Promotional,82.94
Suburb,5.3,Clothing,Non-Promotional,43.24
City Center,8.8,Electronics,Promotional,95.2
Suburb,6.5,Groceries,Promotional,48.69
Rural,5.5,Electronics,Non-Promotional,20.38
Rural,6.9,Groceries,Promotional,25.85
City Center,7.3,Electronics,Non-Promotional,79.38
City Center,5.9,Groceries,Non-Promotional,82.8
Suburb,8.1,Groceries,Promotional,45.87
Suburb,5.3,Clothing,Promotional,49.28
City Center,8.8,Groceries,Promotional,79.88
Suburb,8.5,Electronics,Promotional,69.72
City Center,7.4,Groceries,Promotional,61.85
Suburb,8.8,Groceries,Promotional,63.79
City Center,8.7,Groceries,Promotional,53.92
City Center,7.0,Groceries,Promotional,84.74
City Center,10.0,Clothing,Promotional,91.34
Suburb,5.3,Clothing,Non-Promotional,65.24
Suburb,6.4,Clothing,Promotional,69.94
Suburb,6.7,Electronics,Non-Promotional,69.28
City Center,8.9,Groceries,Promotional,107.7
Suburb,8.7,Clothing,Non-Promotional,61.09
Suburb,8.6,Groceries,Promotional,78.5
City Center,8.3,Clothing,Non-Promotional,65.84
Rural,5.6,Electronics,Promotional,38.36
City Center,5.3,Electronics,Promotional,78.27
Suburb,5.0,Electronics,Promotional,49.57
City Center,10.0,Clothing,Non-Promotional,44.59
Rural,3.2,Electronics,Promotional,46.95
City Center,6.8,Clothing,Promotional,66.05
Suburb,8.7,Clothing,Non-Promotional,55.99
Rural,6.3,Electronics,Promotional,52.68
Suburb,8.4,Groceries,Promotional,65.72
Rural,6.8,Clothing,Promotional,53.92
Rural,8.2,Groceries,Non-Promotional,40.96
City Center,8.4,Groceries,Non-Promotional,88.33
City Center,9.0,Groceries,Non-Promotional,76.39
Suburb,5.9,Electronics,Promotional,51.51
City Center,8.9,Groceries,Non-Promotional,88.28
City Center,7.4,Groceries,Promotional,73.46
Rural,5.3,Clothing,Promotional,45.16
City Center,9.3,Groceries,Promotional,71.44
Rural,7.4,Groceries,Promotional,38.6
Rural,8.5,Groceries,Promotional,39.24
Rural,8.4,Groceries,Promotional,48.62
Suburb,8.4,Electronics,Promotional,55.76
Suburb,4.4,Groceries,Promotional,71.87
Suburb,9.7,Groceries,Promotional,50.95
Rural,7.4,Electronics,Promotional,42.16
Suburb,5.9,Electronics,Non-Promotional,53.12
Suburb,8.1,Electronics,Promotional,71.16
City Center,6.4,Groceries,Non-Promotional,67.72
Suburb,7.9,Clothing,Promotional,52.83
Suburb,5.0,Groceries,Non-Promotional,47.44
Rural,4.8,Clothing,Promotional,40.82
Rural,7.1,Groceries,Promotional,44.73
Rural,7.6,Clothing,Non-Promotional,43.87
Rural,6.5,Electronics,Non-Promotional,38.85
Rural,5.6,Electronics,Promotional,34.72
Rural,2.8,Clothing,Non-Promotional,37.77
Suburb,6.7,Electronics,Promotional,57.59
Rural,6.8,Groceries,Promotional,42.02
Rural,5.5,Groceries,Promotional,41.47
City Center,8.0,Clothing,Promotional,106.1
Suburb,6.7,Electronics,Promotional,60.4
Suburb,6.5,Electronics,Non-Promotional,63.61
Suburb,7.1,Clothing,Promotional,60.71
Rural,5.6,Clothing,Non-Promotional,37.39
Rural,8.2,Electronics,Non-Promotional,42.83
Rural,2.7,Electronics,Promotional,36.63
City Center,7.2,Clothing,Non-Promotional,79.13
Rural,4.7,Electronics,Promotional,49.27
City Center,8.3,Electronics,Promotional,72.72
Suburb,7.1,Electronics,Non-Promotional,63.87
Rural,8.4,Clothing,Promotional,20.15
City Center,10.0,Groceries,Promotional,77.22
City Center,6.8,Groceries,Non-Promotional,72.62
Rural,6.0,Electronics,Promotional,40.96
Suburb,7.3,Electronics,Non-Promotional,57.64
Suburb,5.8,Clothing,Promotional,61.42
Suburb,7.9,Electronics,Non-Promotional,56.21
City Center,7.6,Groceries,Promotional,85.8
City Center,6.4,Electronics,Non-Promotional,54.28
City Center,7.6,Clothing,Promotional,81.67
City Center,6.5,Electronics,Promotional,65.94
Suburb,8.6,Groceries,Promotional,71.68
Rural,8.9,Electronics,Non-Promotional,32.37
City Center,8.4,Electronics,Promotional,94.93
City Center,8.2,Clothing,Promotional,79.83
Suburb,7.2,Clothing,Promotional,41.71
Rural,7.8,Electronics,Promotional,32.99
Rural,7.7,Electronics,Promotional,46.78
Suburb,6.8,Electronics,Promotional,67.91
Suburb,7.4,Groceries,Promotional,47.01
Rural,7.0,Electronics,Promotional,52.5
City Center,6.3,Clothing,Promotional,79.63
Rural,7.8,Electronics,Non-Promotional,47.08
Suburb,9.6,Electronics,Promotional,47.88
City Center,9.7,Electronics,Non-Promotional,73.16
City Center,6.1,Clothing,Promotional,86.24
Suburb,4.0,Electronics,Non-Promotional,56.87
Suburb,8.1,Electronics,Promotional,30.79
Suburb,5.9,Electronics,Promotional,58.09
Rural,6.4,Electronics,Non-Promotional,24.28
Rural,8.3,Clothing,Promotional,31.43
City Center,7.0,Clothing,Non-Promotional,58.96
Suburb,6.4,Clothing,Promotional,71.33
City Center,8.4,Groceries,Promotional,101.7
City Center,6.1,Groceries,Non-Promotional,85.12
City Center,6.9,Electronics,Promotional,76.55
City Center,8.0,Clothing,Non-Promotional,80.43
Suburb,6.5,Electronics,Non-Promotional,71.32
City Center,8.9,Groceries,Promotional,50.25
Suburb,10.0,Groceries,Non-Promotional,49.25
Suburb,7.1,Groceries,Promotional,70.04
Rural,4.7,Clothing,Non-Promotional,49.7
Suburb,9.1,Groceries,Promotional,65.9
Rural,3.6,Electronics,Non-Promotional,31.64
Suburb,4.9,Clothing,Promotional,69.9
Suburb,6.1,Clothing,Promotional,73.61
Suburb,6.6,Electronics,Promotional,67.18
Rural,5.1,Groceries,Non-Promotional,20.05
Rural,6.0,Groceries,Promotional,41.0
City Center,8.4,Groceries,Non-Promotional,88.78
Rural,7.6,Electronics,Non-Promotional,35.88
Rural,6.1,Electronics,Promotional,41.49
Rural,5.2,Electronics,Non-Promotional,35.89
Rural,7.5,Groceries,Non-Promotional,33.11
City Center,6.8,Electronics,Promotional,102.66
Rural,3.6,Electronics,Promotional,41.72
Suburb,8.8,Groceries,Promotional,48.94
Suburb,8.7,Groceries,Promotional,46.23
Rural,4.8,Electronics,Promotional,33.11
Rural,5.4,Clothing,Promotional,33.16
Suburb,5.6,Electronics,Non-Promotional,61.47
Suburb,7.5,Groceries,Promotional,64.86
City Center,10.0,Electronics,Non-Promotional,87.27
Suburb,8.1,Clothing,Promotional,52.5
Suburb,8.6,Electronics,Promotional,69.21
Rural,7.2,Groceries,Non-Promotional,49.82
Suburb,7.0,Electronics,Promotional,57.4
City Center,9.6,Electronics,Promotional,64.52
Suburb,8.1,Electronics,Promotional,61.0
Rural,8.2,Groceries,Promotional,57.28
Rural,5.3,Electronics,Non-Promotional,31.53
Suburb,4.4,Electronics,Non-Promotional,54.74
Rural,7.6,Groceries,Non-Promotional,40.46
City Center,8.5,Groceries,Promotional,88.12
City Center,7.6,Clothing,Promotional,50.22
Suburb,6.6,Clothing,Promotional,73.06
Suburb,10.0,Groceries,Promotional,72.92
Suburb,6.0,Groceries,Promotional,55.75
Rural,4.7,Electronics,Promotional,61.65
City Center,8.1,Clothing,Promotional,98.42
City Center,9.8,Groceries,Non-Promotional,97.62
Rural,9.4,Clothing,Promotional,49.5
City Center,9.0,Electronics,Promotional,97.38
Suburb,5.1,Groceries,Promotional,59.78
Suburb,10.0,Groceries,Promotional,58.79
Suburb,7.0,Electronics,Promotional,50.56
City Center,6.7,Clothing,Promotional,71.34
Suburb,5.4,Electronics,Non-Promotional,56.89
Rural,7.3,Electronics,Promotional,40.52
Rural,6.4,Electronics,Promotional,52.79
City Center,8.5,Clothing,Non-Promotional,48.46
Rural,7.9,Clothing,Promotional,50.76
Rural,4.8,Groceries,Promotional,31.9
City Center,10.0,Groceries,Non-Promotional,78.43
Suburb,6.2,Electronics,Promotional,52.76
Suburb,10.0,Electronics,Non-Promotional,78.54
Suburb,7.9,Groceries,Non-Promotional,55.0
City Center,6.6,Electronics,Promotional,87.82
Rural,3.0,Clothing,Non-Promotional,44.59
Suburb,8.2,Electronics,Promotional,48.4
Suburb,6.4,Groceries,Non-Promotional,59.03
City Center,7.8,Groceries,Non-Promotional,98.06
Suburb,8.1,Electronics,Promotional,51.27
City Center,9.5,Groceries,Promotional,92.43
Rural,7.8,Clothing,Non-Promotional,37.35
City Center,6.2,Groceries,Non-Promotional,97.45
City Center,10.0,Electronics,Non-Promotional,106.21
City Center,7.1,Clothing,Non-Promotional,49.88
City Center,4.6,Electronics,Promotional,59.93
Rural,4.2,Clothing,Promotional,36.49
Rural,6.3,Groceries,Non-Promotional,51.72
Suburb,5.5,Clothing,Promotional,65.32
Rural,5.9,Groceries,Non-Promotional,30.04
Rural,6.5,Electronics,Promotional,45.43
Suburb,6.7,Electronics,Promotional,50.86
Rural,5.3,Clothing,Promotional,46.96
City Center,6.1,Clothing,Promotional,88.08
City Center,8.0,Electronics,Non-Promotional,66.23
Suburb,3.9,Clothing,Promotional,59.34
Suburb,6.0,Clothing,Non-Promotional,72.25
Suburb,5.6,Clothing,Non-Promotional,41.08
City Center,7.6,Clothing,Promotional,84.52
Rural,5.7,Electronics,Non-Promotional,31.14
City Center,9.4,Groceries,Promotional,79.76
Suburb,9.4,Clothing,Promotional,64.58
Rural,4.3,Electronics,Non-Promotional,56.11
Rural,9.0,Groceries,Promotional,39.79
City Center,6.8,Groceries,Non-Promotional,101.98
Suburb,7.3,Electronics,Promotional,51.6
City Center,8.8,Clothing,Promotional,72.57
Rural,9.7,Electronics,Non-Promotional,44.7
City Center,7.2,Electronics,Promotional,83.03
City Center,5.3,Electronics,Non-Promotional,75.07
Suburb,9.2,Electronics,Promotional,56.44
Suburb,5.7,Electronics,Promotional,73.33
Rural,5.5,Clothing,Promotional,37.69
City Center,6.3,Groceries,Promotional,64.69
City Center,7.5,Clothing,Non-Promotional,67.18
City Center,6.7,Electronics,Promotional,90.05
Rural,7.0,Groceries,Promotional,58.05
Rural,6.1,Groceries,Promotional,35.81
Suburb,6.0,Groceries,Promotional,81.49
Suburb,8.5,Electronics,Promotional,59.89
Suburb,7.4,Clothing,Promotional,57.2
City Center,5.2,Electronics,Promotional,66.35
City Center,9.4,Clothing,Promotional,77.03
Suburb,7.3,Electronics,Non-Promotional,52.44
City Center,10.0,Electronics,Promotional,67.45
Suburb,7.2,Groceries,Promotional,43.48
Rural,4.8,Groceries,Non-Promotional,54.13
Suburb,6.7,Groceries,Non-Promotional,70.64
Rural,7.2,Groceries,Promotional,42.17
City Center,6.8,Clothing,Promotional,77.84
Suburb,6.3,Clothing,Non-Promotional,59.94
City Center,7.7,Clothing,Promotional,68.35
Rural,4.3,Clothing,Non-Promotional,30.93
Rural,4.9,Groceries,Promotional,45.74
Rural,6.3,Clothing,Non-Promotional,37.9
City Center,9.8,Clothing,Promotional,84.89
City Center,8.5,Electronics,Promotional,55.06
City Center,7.9,Groceries,Non-Promotional,75.27
City Center,6.8,Electronics,Promotional,62.7
Rural,7.6,Electronics,Promotional,43.87
Rural,6.7,Clothing,Non-Promotional,47.96
Suburb,5.9,Groceries,Non-Promotional,74.6
Suburb,8.3,Electronics,Promotional,53.71
City Center,8.8,Electronics,Promotional,63.08
Rural,4.8,Groceries,Promotional,36.65
Rural,5.8,Electronics,Non-Promotional,34.41
Rural,5.3,Electronics,Promotional,43.45
Suburb,10.0,Clothing,Promotional,45.97
Suburb,7.8,Groceries,Non-Promotional,42.46
Rural,6.3,Groceries,Non-Promotional,37.23
Rural,6.7,Electronics,Promotional,45.81
Rural,8.1,Clothing,Non-Promotional,31.78
Suburb,6.9,Groceries,Promotional,68.49
Rural,5.1,Clothing,Promotional,42.92
Rural,7.3,Groceries,Promotional,52.37
City Center,7.7,Groceries,Non-Promotional,67.97
City Center,6.4,Clothing,Promotional,55.9
Suburb,5.1,Electronics,Promotional,65.99
Rural,8.3,Clothing,Non-Promotional,42.24
Rural,6.2,Groceries,Promotional,41.62
City Center,7.1,Clothing,Promotional,64.28
Suburb,6.6,Groceries,Promotional,67.75
City Center,9.2,Groceries,Non-Promotional,70.5
City Center,7.6,Electronics,Promotional,83.03
City Center,5.8,Electronics,Non-Promotional,73.11
City Center,8.5,Electronics,Non-Promotional,85.32
Rural,7.8,Clothing,Promotional,30.44
Rural,7.7,Electronics,Non-Promotional,44.0
City Center,7.2,Electronics,Promotional,89.86
Suburb,8.9,Clothing,Non-Promotional,61.16
Suburb,7.3,Electronics,Promotional,76.44
Suburb,8.9,Electronics,Non-Promotional,62.07
Suburb,7.9,Groceries,Non-Promotional,69.19
City Center,5.7,Clothing,Promotional,81.39
Rural,8.6,Clothing,Non-Promotional,46.64
Suburb,7.1,Groceries,Non-Promotional,44.67
City Center,8.9,Electronics,Promotional,80.49
Suburb,5.0,Electronics,Promotional,48.73
Suburb,7.8,Clothing,Non-Promotional,61.4
City Center,9.7,Clothing,Promotional,85.76
Rural,8.9,Electronics,Non-Promotional,46.46
Rural,8.1,Electronics,Non-Promotional,43.92
City Center,8.8,Groceries,Non-Promotional,74.95
Rural,3.7,Clothing,Promotional,33.97
City Center,8.2,Clothing,Promotional,44.86
City Center,7.1,Electronics,Promotional,81.03
City Center,8.4,Clothing,Promotional,97.07
Rural,4.2,Groceries,Promotional,40.87
City Center,7.7,Groceries,Promotional,78.73
Suburb,6.2,Clothing,Promotional,61.43
Rural,5.2,Electronics,Promotional,36.9
Rural,5.2,Clothing,Promotional,41.56
Rural,5.8,Groceries,Non-Promotional,36.76
Rural,6.4,Clothing,Non-Promotional,32.81
Suburb,3.3,Clothing,Promotional,59.25
Rural,2.4,Groceries,Promotional,39.22
Rural,5.5,Clothing,Non-Promotional,55.0
City Center,7.7,Groceries,Promotional,67.91
Rural,6.3,Electronics,Promotional,38.72
Suburb,5.9,Clothing,Non-Promotional,57.43
Suburb,7.0,Electronics,Non-Promotional,55.52
Suburb,7.2,Clothing,Promotional,65.13
Suburb,5.9,Clothing,Promotional,82.38
Rural,7.5,Clothing,Non-Promotional,37.43
Rural,6.3,Groceries,Promotional,44.13
Suburb,7.8,Groceries,Non-Promotional,40.88
Suburb,7.1,Electronics,Promotional,56.06
Rural,9.2,Electronics,Promotional,52.44
Suburb,7.9,Electronics,Promotional,59.45
City Center,7.3,Electronics,Promotional,87.54
Suburb,8.2,Clothing,Promotional,53.77
Suburb,4.5,Electronics,Promotional,62.58
City Center,8.2,Clothing,Promotional,104.49
City Center,8.5,Groceries,Promotional,62.6
Rural,6.2,Clothing,Promotional,57.49
Rural,5.5,Electronics,Promotional,27.63
City Center,6.5,Electronics,Promotional,72.72
City Center,6.8,Groceries,Non-Promotional,67.46
Rural,6.2,Clothing,Non-Promotional,37.82
Suburb,5.3,Clothing,Non-Promotional,51.51
City Center,10.0,Electronics,Promotional,66.13
Rural,2.0,Electronics,Promotional,30.51
Suburb,6.5,Groceries,Promotional,66.44
City Center,8.2,Clothing,Promotional,76.43
Suburb,7.8,Clothing,Promotional,55.0
Rural,4.6,Groceries,Non-Promotional,42.26
City Center,9.7,Groceries,Promotional,57.58
Suburb,4.9,Electronics,Promotional,63.06
City Center,7.2,Groceries,Promotional,78.59
Suburb,7.9,Electronics,Promotional,59.37
Rural,7.6,Electronics,Promotional,44.15
Rural,3.9,Electronics,Non-Promotional,53.15
City Center,10.0,Electronics,Promotional,84.84
Suburb,5.7,Groceries,Promotional,58.0
City Center,6.0,Electronics,Non-Promotional,62.26
City Center,8.8,Electronics,Promotional,44.14
Suburb,6.5,Electronics,Promotional,61.28
Suburb,6.3,Clothing,Promotional,47.4
Suburb,7.9,Groceries,Promotional,34.6
Rural,3.7,Clothing,Promotional,37.19
City Center,5.4,Clothing,Promotional,83.59
City Center,7.1,Groceries,Non-Promotional,91.16
Rural,7.6,Electronics,Non-Promotional,48.49
Suburb,6.2,Electronics,Non-Promotional,68.76
Rural,8.4,Electronics,Promotional,47.22
Rural,7.8,Electronics,Non-Promotional,28.26
Rural,6.4,Clothing,Promotional,38.8
City Center,8.5,Groceries,Promotional,88.7
Rural,6.4,Electronics,Promotional,40.37
City Center,8.2,Groceries,Promotional,77.67
City Center,7.5,Groceries,Promotional,80.42
City Center,7.6,Groceries,Promotional,83.68
Suburb,5.4,Clothing,Promotional,59.23
City Center,4.7,Groceries,Promotional,67.31
City Center,9.7,Groceries,Promotional,54.46
Suburb,7.2,Groceries,Non-Promotional,57.96
City Center,8.0,Electronics,Promotional,80.86
Rural,6.6,Electronics,Promotional,40.37
Rural,4.8,Clothing,Non-Promotional,47.62
City Center,6.5,Clothing,Promotional,96.96
Suburb,6.6,Electronics,Promotional,58.96
Rural,8.1,Groceries,Promotional,39.23
Suburb,5.2,Electronics,Non-Promotional,65.73
Suburb,3.1,Clothing,Promotional,64.27
Rural,5.2,Electronics,Non-Promotional,36.46
Suburb,8.7,Clothing,Non-Promotional,66.59
Rural,3.4,Electronics,Promotional,38.83
Suburb,5.2,Clothing,Non-Promotional,58.75
Rural,6.4,Electronics,Promotional,43.47
City Center,10.0,Electronics,Promotional,75.48
Rural,4.0,Electronics,Promotional,40.76
Rural,3.9,Groceries,Promotional,42.38
Rural,6.5,Clothing,Promotional,46.54
Rural,7.8,Groceries,Promotional,45.99
Suburb,6.1,Electronics,Non-Promotional,62.67
City Center,5.6,Electronics,Non-Promotional,40.87
Rural,6.7,Clothing,Promotional,41.95
Suburb,7.9,Clothing,Promotional,63.98
City Center,10.0,Electronics,Promotional,89.01
City Center,9.0,Electronics,Non-Promotional,65.66
City Center,9.2,Groceries,Promotional,48.17
City Center,7.6,Electronics,Non-Promotional,92.09
Rural,9.7,Groceries,Non-Promotional,30.2
Rural,5.4,Groceries,Non-Promotional,49.78
Suburb,6.1,Groceries,Non-Promotional,54.21
Suburb,9.7,Clothing,Promotional,49.73
Suburb,4.8,Clothing,Promotional,63.5
City Center,5.2,Groceries,Non-Promotional,89.24
City Center,8.2,Groceries,Non-Promotional,88.35
Rural,6.0,Electronics,Promotional,44.01
City Center,7.7,Groceries,Promotional,69.38
City Center,9.5,Clothing,Non-Promotional,57.1
City Center,6.6,Clothing,Promotional,74.16
Suburb,7.1,Electronics,Promotional,48.54
Suburb,6.5,Groceries,Promotional,64.33
Rural,4.7,Groceries,Promotional,46.99
City Center,7.9,Groceries,Promotional,82.59
City Center,9.3,Electronics,Promotional,79.99
Rural,9.2,Electronics,Non-Promotional,37.52
City Center,8.9,Electronics,Promotional,94.71
City Center,4.2,Electronics,Non-Promotional,52.54
Suburb,6.9,Electronics,Non-Promotional,47.94
Rural,6.1,Groceries,Non-Promotional,54.61
Rural,7.4,Groceries,Promotional,29.96
Rural,6.3,Groceries,Non-Promotional,44.25
Rural,7.9,Electronics,Promotional,45.89
Suburb,7.6,Electronics,Promotional,40.74
Suburb,9.3,Clothing,Promotional,42.66
City Center,7.3,Groceries,Promotional,98.97
City Center,8.2,Clothing,Non-Promotional,65.41
City Center,9.2,Electronics,Non-Promotional,65.82
City Center,7.1,Electronics,Promotional,72.19
Suburb,5.8,Electronics,Promotional,50.3
Rural,5.1,Electronics,Non-Promotional,44.21
Suburb,5.9,Clothing,Promotional,48.18
City Center,8.8,Electronics,Promotional,50.51
Suburb,4.2,Clothing,Non-Promotional,71.56
Rural,3.7,Electronics,Promotional,30.94
Rural,8.8,Groceries,Promotional,33.98
Suburb,5.9,Groceries,Non-Promotional,68.3
Suburb,7.3,Electronics,Promotional,60.7
Suburb,4.8,Clothing,Non-Promotional,71.12
City Center,8.1,Groceries,Promotional,92.68
Suburb,5.9,Groceries,Non-Promotional,55.47
Suburb,4.7,Electronics,Promotional,70.22
Suburb,9.0,Electronics,Promotional,61.68
Rural,7.8,Clothing,Non-Promotional,35.21
Rural,5.8,Clothing,Non-Promotional,42.32
City Center,9.5,Clothing,Promotional,60.36
City Center,10.0,Groceries,Promotional,92.51
Rural,7.1,Groceries,Promotional,45.63
Rural,6.7,Electronics,Promotional,40.96
Rural,6.3,Electronics,Non-Promotional,24.65
Suburb,8.0,Clothing,Non-Promotional,71.54
Suburb,6.5,Clothing,Non-Promotional,64.37
Rural,5.6,Clothing,Promotional,39.82
Suburb,7.7,Electronics,Non-Promotional,58.19
Suburb,6.3,Groceries,Promotional,54.63
City Center,7.5,Clothing,Promotional,74.83
Rural,6.0,Groceries,Promotional,46.15
Rural,7.7,Electronics,Promotional,35.87
Suburb,5.3,Groceries,Promotional,57.26
Rural,7.1,Electronics,Non-Promotional,38.98
City Center,9.2,Groceries,Non-Promotional,78.5
City Center,9.2,Groceries,Promotional,70.73
City Center,6.8,Clothing,Promotional,77.45
Rural,3.5,Electronics,Promotional,42.75
Rural,6.8,Electronics,Promotional,32.76
Rural,6.3,Electronics,Promotional,38.68
Rural,7.5,Clothing,Non-Promotional,55.45
Rural,4.9,Clothing,Promotional,39.49
City Center,9.1,Electronics,Promotional,66.04
Suburb,8.6,Groceries,Promotional,49.53
City Center,7.9,Electronics,Promotional,61.02
Rural,6.6,Electronics,Promotional,53.02
City Center,8.6,Groceries,Promotional,95.12
Rural,4.8,Groceries,Promotional,29.68
Rural,6.8,Clothing,Non-Promotional,41.71
City Center,10.0,Groceries,Promotional,98.37
Rural,6.0,Groceries,Non-Promotional,39.68
Suburb,4.8,Electronics,Promotional,55.08
Rural,5.0,Electronics,Non-Promotional,57.93
Suburb,4.3,Clothing,Non-Promotional,40.95
Suburb,8.9,Electronics,Non-Promotional,86.33
Rural,7.1,Clothing,Non-Promotional,40.48
City Center,7.2,Electronics,Promotional,99.36
Suburb,4.9,Electronics,Promotional,47.99
City Center,6.8,Clothing,Promotional,69.12
Suburb,6.0,Groceries,Promotional,49.2
Rural,6.2,Electronics,Non-Promotional,39.19
Rural,6.1,Electronics,Non-Promotional,42.46
Suburb,9.0,Clothing,Promotional,70.67
Rural,5.0,Electronics,Promotional,26.31
Suburb,4.7,Clothing,Promotional,61.57
Rural,4.3,Electronics,Non-Promotional,47.16
City Center,8.0,Electronics,Promotional,96.23
Rural,4.9,Clothing,Promotional,36.48
City Center,7.6,Groceries,Non-Promotional,73.58
Rural,5.3,Clothing,Non-Promotional,39.26
City Center,9.5,Groceries,Promotional,82.79
Rural,5.1,Clothing,Promotional,50.42
City Center,7.4,Electronics,Promotional,61.85
Suburb,8.1,Electronics,Promotional,52.14
Suburb,6.2,Electronics,Promotional,46.69
City Center,8.6,Electronics,Non-Promotional,86.42
Rural,6.5,Clothing,Promotional,48.81
City Center,8.2,Groceries,Non-Promotional,58.69
Rural,4.3,Groceries,Non-Promotional,40.71
Suburb,8.8,Groceries,Promotional,70.29
Rural,9.3,Groceries,Non-Promotional,46.28
Suburb,7.0,Electronics,Promotional,67.73
Rural,4.4,Clothing,Non-Promotional,30.48
Rural,6.0,Groceries,Non-Promotional,46.16
Rural,7.5,Electronics,Non-Promotional,38.51
City Center,7.1,Clothing,Promotional,96.05
City Center,7.8,Clothing,Promotional,86.74
Suburb,7.5,Electronics,Promotional,51.84
Suburb,8.8,Electronics,Promotional,62.79
City Center,9.2,Groceries,Non-Promotional,92.28
Suburb,8.2,Electronics,Promotional,54.94
City Center,7.4,Groceries,Non-Promotional,81.93
Rural,6.6,Groceries,Non-Promotional,29.31
Suburb,5.9,Electronics,Non-Promotional,65.49
Suburb,8.3,Groceries,Promotional,59.44
City Center,9.7,Clothing,Non-Promotional,93.71
Suburb,7.8,Electronics,Non-Promotional,65.21
Suburb,6.4,Clothing,Non-Promotional,55.93
Rural,5.7,Electronics,Non-Promotional,33.23
Suburb,9.7,Electronics,Promotional,49.24
Rural,5.5,Clothing,Non-Promotional,35.94
City Center,9.6,Clothing,Promotional,93.31
Suburb,7.5,Electronics,Non-Promotional,42.44
Rural,5.5,Electronics,Promotional,31.71
City Center,6.0,Clothing,Non-Promotional,92.88
Suburb,7.3,Electronics,Promotional,73.29
City Center,8.1,Groceries,Promotional,65.25
Suburb,9.7,Electronics,Non-Promotional,49.53
City Center,6.7,Groceries,Non-Promotional,101.11
City Center,10.0,Electronics,Promotional,78.15
Rural,6.6,Clothing,Non-Promotional,32.84
City Center,8.6,Clothing,Promotional,95.67
Suburb,6.1,Clothing,Promotional,65.03
Suburb,7.5,Clothing,Promotional,67.37
Rural,6.7,Clothing,Promotional,33.26
Suburb,8.4,Groceries,Non-Promotional,63.75
Suburb,5.5,Groceries,Non-Promotional,72.46
Suburb,9.1,Groceries,Non-Promotional,66.41
City Center,8.5,Clothing,Promotional,93.8
City Center,8.9,Groceries,Non-Promotional,101.05
Suburb,6.7,Groceries,Non-Promotional,64.28
Rural,4.6,Electronics,Non-Promotional,35.48
City Center,8.1,Electronics,Non-Promotional,93.16
Rural,6.3,Clothing,Non-Promotional,31.15
Suburb,4.9,Groceries,Non-Promotional,57.78
Suburb,8.2,Groceries,Non-Promotional,65.88
City Center,9.5,Groceries,Promotional,31.74
Suburb,5.9,Clothing,Non-Promotional,62.52
City Center,6.5,Groceries,Promotional,84.49
Suburb,6.5,Electronics,Promotional,48.64
Suburb,7.0,Electronics,Promotional,63.26
City Center,7.6,Clothing,Non-Promotional,82.85
City Center,7.9,Electronics,Non-Promotional,80.51
City Center,8.3,Groceries,Non-Promotional,97.84
Suburb,4.9,Electronics,Non-Promotional,68.79
Suburb,5.1,Clothing,Promotional,66.4
Rural,1.9,Clothing,Promotional,31.81
City Center,9.4,Clothing,Non-Promotional,79.74
Suburb,7.0,Groceries,Non-Promotional,71.84
Suburb,8.6,Electronics,Non-Promotional,57.85
City Center,6.3,Electronics,Non-Promotional,103.31
Rural,6.0,Groceries,Promotional,45.35
City Center,8.3,Electronics,Promotional,105.64
Rural,5.2,Groceries,Promotional,31.46
Suburb,4.7,Electronics,Non-Promotional,58.45
Rural,8.6,Electronics,Promotional,39.52
Suburb,9.1,Groceries,Promotional,66.06
City Center,7.4,Clothing,Non-Promotional,68.92
City Center,8.8,Groceries,Non-Promotional,55.89
City Center,7.3,Clothing,Promotional,85.67
Rural,4.5,Groceries,Promotional,37.07
Suburb,9.7,Groceries,Promotional,55.29
City Center,5.5,Groceries,Promotional,69.61
City Center,7.6,Electronics,Promotional,81.86
Suburb,7.1,Electronics,Non-Promotional,49.23
City Center,10.0,Clothing,Promotional,77.09
Suburb,8.3,Electronics,Promotional,51.71
Suburb,4.5,Groceries,Non-Promotional,53.91
Suburb,7.0,Electronics,Non-Promotional,63.54
Suburb,7.0,Groceries,Promotional,66.51
Suburb,6.7,Electronics,Promotional,56.94
Rural,6.9,Electronics,Promotional,47.74
City Center,5.9,Electronics,Promotional,65.41
Rural,5.4,Electronics,Promotional,27.84
City Center,8.7,Clothing,Promotional,59.96
Rural,7.0,Electronics,Non-Promotional,31.4
Suburb,7.2,Clothing,Promotional,46.87
City Center,7.6,Clothing,Promotional,110.32
City Center,7.8,Clothing,Promotional,56.75
Rural,7.1,Electronics,Promotional,47.5
Rural,6.1,Clothing,Promotional,39.8
City Center,6.4,Electronics,Promotional,83.37
Rural,4.1,Electronics,Promotional,32.75
Rural,3.8,Electronics,Non-Promotional,42.6
Rural,8.2,Electronics,Promotional,32.69
Suburb,8.2,Groceries,Promotional,69.23
Suburb,6.8,Groceries,Non-Promotional,70.06
Rural,5.3,Groceries,Promotional,38.92
Rural,5.1,Clothing,Promotional,39.45
Suburb,8.6,Electronics,Promotional,64.33
Suburb,9.9,Groceries,Non-Promotional,63.82
City Center,7.1,Electronics,Non-Promotional,95.36
City Center,9.7,Electronics,Promotional,94.94
Suburb,7.0,Electronics,Non-Promotional,59.71
Rural,5.7,Electronics,Non-Promotional,36.18
Rural,8.3,Electronics,Non-Promotional,46.49
Rural,6.0,Groceries,Non-Promotional,38.75
Rural,6.4,Electronics,Promotional,40.91
City Center,8.4,Groceries,Non-Promotional,87.95
Suburb,4.6,Groceries,Promotional,69.76
Rural,6.4,Electronics,Non-Promotional,42.09
City Center,7.2,Groceries,Promotional,71.19
Rural,3.9,Electronics,Promotional,54.38
Suburb,6.2,Electronics,Promotional,75.3
City Center,7.2,Groceries,Non-Promotional,64.73
Suburb,8.5,Electronics,Promotional,50.88
Suburb,5.4,Clothing,Non-Promotional,52.14
City Center,6.8,Groceries,Promotional,92.73
City Center,8.4,Groceries,Promotional,107.53
City Center,6.0,Electronics,Non-Promotional,72.41
City Center,7.0,Groceries,Promotional,82.54
City Center,5.5,Groceries,Non-Promotional,68.71
City Center,9.4,Groceries,Promotional,105.5
City Center,7.5,Clothing,Non-Promotional,92.37
Rural,6.0,Electronics,Promotional,33.4
Suburb,8.4,Clothing,Non-Promotional,38.98
City Center,6.9,Electronics,Promotional,95.56
Rural,5.5,Clothing,Promotional,35.42
Rural,4.4,Groceries,Promotional,46.74
Rural,4.4,Clothing,Promotional,42.35
Suburb,5.6,Clothing,Non-Promotional,41.66
City Center,7.3,Clothing,Non-Promotional,67.9
Rural,5.4,Clothing,Non-Promotional,37.17
Suburb,7.4,Electronics,Non-Promotional,53.24
Suburb,5.7,Electronics,Promotional,61.16
Suburb,7.5,Clothing,Promotional,64.01
Rural,6.7,Clothing,Non-Promotional,54.31
City Center,7.3,Groceries,Promotional,87.08
